protocol,nodes,speed,duration,pdr,delay,throughput,overhead
OLSR,20,5,100,95.2,45.3,156.4,12.5
OLSR,20,10,100,92.8,52.1,148.7,13.8
OLSR,20,15,100,88.4,61.7,139.2,15.2
OLSR,20,20,100,84.1,73.4,128.5,17.1
BATMAN,20,5,100,94.8,48.2,154.1,8.7
BATMAN,20,10,100,91.5,55.8,146.3,9.4
BATMAN,20,15,100,87.2,65.3,137.8,10.8
BATMAN,20,20,100,82.6,76.9,126.2,12.3
OLSR,30,10,100,89.3,58.7,198.5,15.6
BATMAN,30,10,100,87.8,63.2,195.1,11.2
OLSR,40,10,150,86.7,67.4,245.3,18.9
BATMAN,40,10,150,85.1,71.8,241.7,13.8
